"Protein","Carb","Fat","Cal"
337.25,40.8,508.242857142857,6208.82142857143
