"Protein","Carb","Fat","Cal"
70.7413846930942,137.694438823754,37.2070069540898,1740.20623175969
